Title,Regular Price,Discount Price,Product URL,Add to Cart URL
Acer A315-23-A7KD,17.590ден,,https://clevershop.mk/product/acer-a315-23-a7kd/,?add-to-cart=21494
Acer A315-23-R5P2,27.490ден,,https://clevershop.mk/product/acer-a315-23-r5p2/,?add-to-cart=21510
ACER Aspire 1 A115-22,18.999ден,15.999ден,https://clevershop.mk/product/acer-aspire-1-nx-a7pex-001/,?add-to-cart=20826
Acer Aspire 3 A315-23-R26A,29.990ден,,https://clevershop.mk/product/acer-aspire-3-a315-23-r26a/,?add-to-cart=21516
Acer Aspire 3 A315-58-33WK,24.490ден,,https://clevershop.mk/product/21498/,?add-to-cart=21498
Acer Aspire 3 A315-58-33WK,25.990ден,,https://clevershop.mk/product/acer-aspire-3-a315-58-33wk/,?add-to-cart=21506
ACER Aspire 5 (A515-56-35KA),23.990ден,,https://clevershop.mk/product/acer-aspire-5-a515-56-35ka/,?add-to-cart=21693
ACER ASPIRE 5 A515-45,29.990ден,,https://clevershop.mk/product/acer-aspire-5-a515-45/,?add-to-cart=21523
Acer Aspire 5 A515-45-R07Y Silver,24.990ден,,https://clevershop.mk/product/acer-aspire-5-a515-45-r07y-silver/,?add-to-cart=21501
Acer Aspire 5 A515-45-R1FG,36.990ден,,https://clevershop.mk/product/acer-aspire-5-a515-45-r1fgnx-a7yex-005/,?add-to-cart=18324
Acer Aspire 5 A515-56,42.490ден,,https://clevershop.mk/product/acer-aspire-5-a515-56-nx-a1eex-001/,?add-to-cart=18498
Acer Aspire 5 A515-56-3456 Silver,23.990ден,,https://clevershop.mk/product/acer-aspire-5-a515-56-3456-silver/,?add-to-cart=21690
"ACER Aspire 7 (A715-41G-R24S), Black",42.990ден,,https://clevershop.mk/product/acer-aspire-7-a715-41g-r24s-black/,?add-to-cart=21695
Acer Aspire 7 A715-42G-R16C,54.490ден,48.490ден,https://clevershop.mk/product/acer-aspire-7-a715-42g-r16c-nh-qe5ex-003/,?add-to-cart=18506
ACER ED270RPBIIPX 27′ LED VA FHD,14.490ден,,https://clevershop.mk/product/acer-ed270rpbiipx-27-led-va-fhd/,?add-to-cart=21728
ACER ED273BBMIIX 27′ LED VA FHD,11.990ден,,https://clevershop.mk/product/acer-ed273bbmiix-27-led-va-fhd/,?add-to-cart=21734
ACER ED323QURABIDPX 32” LED VA WQHD,20.990ден,,https://clevershop.mk/product/acer-ed323qurabidpx-32-led-va-wqhd/,?add-to-cart=21737
ACER K272HLEbid 27” LED VA FHD,9.690ден,,https://clevershop.mk/product/21743/,?add-to-cart=21743
"ACER LED 19.5”, V206HQLAB, Wide",5.290ден,,https://clevershop.mk/product/acer-led-19-5-v206hqlab-wide/,?add-to-cart=21750
"ACER LED, 21.5” V226HQLBbi",6.290ден,,https://clevershop.mk/product/acer-led-21-5-v226hqlbbi/,?add-to-cart=21755
ACER Nitro 5 (AN515-57-53A7),51.990ден,,https://clevershop.mk/product/acer-nitro-5-an515-57-53a7/,?add-to-cart=21706
Acer Nitro 5 (AN515-57-53AE),47.990ден,,https://clevershop.mk/product/acer-nitro-5-an515-57/,?add-to-cart=21716
Acer Nitro 5 (AN515-57-76C9),60.990ден,,https://clevershop.mk/product/acer-nitro-5-an515-57-2/,?add-to-cart=21718
Acer Nitro 5 Gaming AN515-45,71.990ден,,https://clevershop.mk/product/acer-nitro-5-gaming-an515-45/,?add-to-cart=21406
Acer Nitro 5 Gaming AN515-45,66.990ден,,https://clevershop.mk/product/acer-nitro-5-gaming-an515-45-2/,?add-to-cart=21410
Acer Nitro 5 Gaming AN517-41,73.990ден,,https://clevershop.mk/product/acer-nitro-5-gaming-an517-41/,?add-to-cart=21316
"ACER Nitro KG272UBMIIPX, 27″ LED IPS WQHD",16.990ден,,https://clevershop.mk/product/acer-nitro-kg272ubmiipx-27-led-ips-wqhd/,?add-to-cart=21758
Acer Nitro N50-640,64.990ден,,https://clevershop.mk/product/21720/,?add-to-cart=21720
ACER NITRO N50-640,82.990ден,,https://clevershop.mk/product/acer-nitro-n50-640/,?add-to-cart=21726
"ACER Nitro VG240YBMIIX, 24″ LED IPS FHD",10.490ден,,https://clevershop.mk/product/acer-nitro-vg240ybmiix-24-led-ips-fhd/,?add-to-cart=21764
"ACER Nitro VG270BMIIX, 27″ LED IPS FHD",12.990ден,,https://clevershop.mk/product/acer-nitro-vg270bmiix-27-led-ips-fhd/,?add-to-cart=21771
Acer Predator Helios 300 PH315-54,67.990ден,,https://clevershop.mk/product/predator-helios-300-ph315-54/,?add-to-cart=21392
ACER Predator Helios 300 PH315-54-732Y,103.990ден,,https://clevershop.mk/product/acer-predator-helios-300-ph315-54-732y/,?add-to-cart=21403
Acer Predator Helios 300 PH315-54-75YK,83.990ден,,https://clevershop.mk/product/acer-predator-helios-300-ph315-54-75yk/,?add-to-cart=21401
Acer Predator Helios 300 PH315-54-945Y,96.990ден,,https://clevershop.mk/product/acer-predator-helios-300-ph315-54-945y/,?add-to-cart=21398
Acer Predator Helios 300 PH315-54-949Y,89.990ден,,https://clevershop.mk/product/acer-predator-helios-300-ph315-54-949y/,?add-to-cart=21396
ACER Predator Helios 300 PH317-55-962G,114.990ден,,https://clevershop.mk/product/acer-predator-helios-300-ph317-55-962g/,?add-to-cart=21412
Acer Swift 3 SF314-43,31.990ден,,https://clevershop.mk/product/acer-swift-3-sf314-43/,?add-to-cart=21528
Acer Swift 3 SF314-43,34.990ден,,https://clevershop.mk/product/acer-swift-3-sf314-43-2/,?add-to-cart=21536
ACER Swift 3 SF314-511-56XT ( Silver ),29.990ден,,https://clevershop.mk/product/acer-sf314-43-r2f9-nx-ab1ex-003/,?add-to-cart=20829
"Acer Swift 3 SF314-511-56XT, Silver",39.990ден,,https://clevershop.mk/product/acer-swift-3-sf314-511-56xt-silver/,?add-to-cart=21702
Apple iPad 2020 32GB WiFi Space Gray,27.990ден,,https://clevershop.mk/product/apple-ipad-2020-32gb-wifi-space-gray/,?add-to-cart=17828
Apple iPad Air (2020) 64GB 4GB RAM,39.590ден,,https://clevershop.mk/product/apple-ipad-air-2020-64gb-4gb-ram/,?add-to-cart=18811
Apple iPad Air 2020 WIFI only 256GB blue,51.990ден,,https://clevershop.mk/product/apple-ipad-air-2020-wifi-only-256gb-blue/,?add-to-cart=17834
Apple iPad Pro 11 (2021) 128GB 8GB RAM,63.990ден,,https://clevershop.mk/product/apple-ipad-pro-11-2021-128gb-8gb-ram/,?add-to-cart=21013
Apple iPad Pro 12.9 (2021) 128GB 8GB RAM,91.000ден,,https://clevershop.mk/product/apple-ipad-pro-12-9-2021-128gb-8gb-ram/,?add-to-cart=18701
Apple iPhone 11 128GB 4GB RAM,42.990ден,,https://clevershop.mk/product/apple-iphone-11-128gb-4gb-ram/,?add-to-cart=18937
Apple iPhone 11 64GB 4GB RAM,38.990ден,31.990ден,https://clevershop.mk/product/apple-iphone-11/,?add-to-cart=18562
Apple iPhone 12 128GB 4GB RAM,49.990ден,,https://clevershop.mk/product/apple-iphone-12-128gb-4gb-ram/,?add-to-cart=20023
Apple iPhone 12 64GB 4GB RAM,39.990ден,,https://clevershop.mk/product/apple-iphone-12/,?add-to-cart=18640
Apple iPhone 12 mini 128GB 4GB RAM,39.990ден,,https://clevershop.mk/product/apple-iphone-12-mini-128gb-4gb-ram/,?add-to-cart=20449
Apple iPhone 13 128GB 4GB RAM,53.990ден,47.990ден,https://clevershop.mk/product/apple-iphone-13/,?add-to-cart=18520
Apple iPhone 13 256GB 4GB RAM,60.190ден,,https://clevershop.mk/product/apple-iphone-13-256gb-4gb-ram/,?add-to-cart=20019
Apple iPhone 13 mini 128GB 4GB,48.990ден,45.990ден,https://clevershop.mk/product/apple-iphone-13-mini/,?add-to-cart=18661
Apple iPhone 13 Pro 128GB 6GB RAM,66.990ден,,https://clevershop.mk/product/apple-iphone-13-pro/,?add-to-cart=18526
Apple iPhone 13 Pro 256GB 6GB RAM,78.090ден,,https://clevershop.mk/product/apple-iphone-13-pro-256gb-6gb-ram/,?add-to-cart=20015
Apple iPhone 13 Pro Max 128GB 6GB RAM,75.990ден,,https://clevershop.mk/product/apple-iphone-13-pro-max/,?add-to-cart=18555
Apple iPhone 13 Pro Max 256GB 6GB RAM,84.290ден,,https://clevershop.mk/product/apple-iphone-13-pro-max-256gb-6gb-ram/,?add-to-cart=18924
Apple iPhone 14 128GB 6GB RAM,59.990ден,54.990ден,https://clevershop.mk/product/apple-iphone-14-128gb-6gb-ram/,?add-to-cart=22870
Apple iPhone 14 Plus 128GB 6GB RAM,59.990ден,,https://clevershop.mk/product/apple-iphone-14-plus-128gb-6gb-ram/,?add-to-cart=22878
Apple iPhone 14 Pro 128GB 6GB RAM,89.990ден,79.990ден,https://clevershop.mk/product/apple-iphone-14-pro-128gb-6gb-ram/,?add-to-cart=22884
Apple iPhone 14 Pro Max 128GB 6GB RAM,89.990ден,84.990ден,https://clevershop.mk/product/apple-iphone-14-pro-max-128gb-6gb-ram/,?add-to-cart=22891
Apple iPhone 14 Pro Max 256GB 6GB RAM,105.000ден,96.990ден,https://clevershop.mk/product/apple-iphone-14-pro-max-256gb-6gb-ram/,?add-to-cart=23600
Apple iPhone SE 128GB 3GB RAM,29.690ден,,https://clevershop.mk/product/apple-iphone-se-2020-128gb-3gb-ram/,?add-to-cart=18691
Apple iPhone SE 64GB 3GB RAM,32.990ден,,https://clevershop.mk/product/apple-iphone-se-2020-64gb-3gb-ram/,?add-to-cart=18945
Apple Watch Series 7,28.990ден,,https://clevershop.mk/product/apple-watch-series-7/,?add-to-cart=19657
Asus E410MA,10.990ден,,https://clevershop.mk/product/asus-e410ma/,?add-to-cart=22702
ASUS ROG GL531GT-XS53,44.990ден,,https://clevershop.mk/product/asus-rog-gl531gt-xs53/,?add-to-cart=20931
Asus ROG Strix G15 Advantage Edition G513,112.990ден,,https://clevershop.mk/product/asus-rog-strix-g15-advantage-edition-g513/,?add-to-cart=21336
Asus TUF Gaming F15 FX506LH,39.990ден,,https://clevershop.mk/product/asus-tuf-gaming-f15-fx506lh/,?add-to-cart=21950
ASUS TUF Gaming F17 FX706HEB,59.990ден,,https://clevershop.mk/product/asus-tuf-gaming-f17-fx706heb/,?add-to-cart=20967
ASUS TUF Gaming NVIDIA GeForce RTX 3070 V2 OC Edition Video Card,75.990ден,,https://clevershop.mk/product/asus-tuf-gaming-nvidia-geforce-rtx-3070-v2-oc-edition-video-card/,?add-to-cart=17873
"DELL 23,8″ P2421D IPS LED-backlit LCD monitor",16.590ден,,https://clevershop.mk/product/dell-238-p2421d-ips-led-backlit-lcd-monitor/,?add-to-cart=17338
DELL AW2521HFLA 24.5″ FHD,20.490ден,,https://clevershop.mk/product/dell-aw2521hfla-24-5-fhd/,?add-to-cart=17415
DELL AW2721D 27″ QHD 2560 x 1440,39.990ден,,https://clevershop.mk/product/dell-aw2721d-27-qhd-2560-x-1440/,?add-to-cart=17422
DELL Curved S2422HG 23.6″ VA LED-backlit LCD,16.590ден,,https://clevershop.mk/product/dell-curved-s2422hg-23-6-va-led-backlit-lcd/,?add-to-cart=17393
Dell G15 5511 Gaming Laptop,104.990ден,,https://clevershop.mk/product/dell-g15-5511-gaming-laptop/,?add-to-cart=21340
DELL Monitor E2222HS  21.5″ VA,9.490ден,,https://clevershop.mk/product/dell-monitor-e2222hs-21-5-va/,?add-to-cart=17118
"DELL Monitor E2420HS, 23.8″ IPS Led AG",11.690ден,,https://clevershop.mk/product/dell-monitor-e2420hs-23-8-ips-led-ag/,?add-to-cart=17253
"DELL Monitor E2720H, 27.0″",11.990ден,,https://clevershop.mk/product/dell-monitor-e2720h-27-0/,?add-to-cart=17271
DELL Monitor E2720HS 27.0″,12.290ден,,https://clevershop.mk/product/dell-monitor-e2720hs-27-0-ips-led-ag/,?add-to-cart=17260
"DELL Monitor P2222H, 22” Full HD",12.290ден,,https://clevershop.mk/product/dell-monitor-p2222h-22-full-hd/,?add-to-cart=17317
"DELL Monitor S2721HS, 27″, IPS LED-backlit LCD",14.490ден,,https://clevershop.mk/product/dell-monitor-s2721hs-27-ips-led-backlit-lcd/,?add-to-cart=17291
DELL Monitor SE2422H 23.8″,8.890ден,,https://clevershop.mk/product/dell-monitor-se2422h-23-8/,?add-to-cart=17277
"DELL Monitor SE2722H, 27″ VA LED-backlit LCD",10.990ден,,https://clevershop.mk/product/dell-monitor-se2722h-27-va-led-backlit-lcd/,?add-to-cart=17283
"DELL Monitor Video Conferencing S2422HZ, 24″ IPS LED-backlit LCD",20.990ден,,https://clevershop.mk/product/dell-monitor-video-conferencing-s2422hz-24-ips-led-backlit-lcd/,?add-to-cart=17301
"DELL Monitor Video Conferencing S2722DZ, 27″ IPS WLED-backlit LCD",27.590ден,,https://clevershop.mk/product/dell-monitor-video-conferencing-s2722dz-27-ips-wled-backlit-lcd/,?add-to-cart=17310
"DELL NB Latitude 5420,11th.Gen.Intel Core i5-1145G7(4 Core,8M cache,2.6GHz to 4.4GHz,vPro),14.0″ FHD(1920×1080)AG 250nits,16GB DDR4 non-ECC Memory,512GB M.2 PCIe NVMe Class 35 SSD,Intel Iris Xe Graphics,TB4,Wi-Fi6,BT5.1,Bckl Kb,4Cell,Win10Pro,3Y",71.990ден,,https://clevershop.mk/product/dell-nb-latitude-542011th-gen-intel-core-i5-1145g74-core8m-cache2-6ghz-to-4-4ghzvpro14-0-fhd1920x1080ag-250nits16gb-ddr4-non-ecc-memory512gb-m-2-pcie-nvme-class-35-ssdintel-iris-xe-graph/,?add-to-cart=23124
"DELL NB Latitude 5420,11th.Gen.Intel Core i5-1145G7(4 Core,8M cache,2.6GHz to 4.4GHz,vPro),14.0″ FHD(1920×1080)AG 250nits,16GB DDR4 non-ECC Memory,512GB M.2 PCIe NVMe Class 35 SSD,Intel Iris Xe Graphics,TB4,Wireless,BT5.1,Bkl Kb,FP,4Cell,Ubuntu,3Y",62.990ден,,https://clevershop.mk/product/dell-nb-latitude-542011th-gen-intel-core-i5-1145g74-core8m-cache2-6ghz-to-4-4ghzvpro14-0-fhd1920x1080ag-250nits16gb-ddr4-non-ecc-memory512gb-m-2-pcie-nvme-class-35-ssdintel-iris-xe-graph-2/,?add-to-cart=23132
"DELL NB Latitude 5430, 12th Gen. Intel i7-1255U(10C/12T/12MB/1.7GHz to 4.7GHz), 14″ FHD(1920×1080)AG WVA 250nits, 16GB(1x16GB) DDR4 3200MHz, 512 M.2 PCIe NVMe SSD, Intel Iris Xe Graphics, AX211 WiFi6e 2×2 AX+BT 5.2, SCR, TB4, 4cell 58WHr, Ubuntu, 3Y",72.990ден,,https://clevershop.mk/product/dell-nb-latitude-5430-12th-gen-intel-i7-1255u10c-12t-12mb-1-7ghz-to-4-7ghz-14-fhd1920x1080ag-wva-250nits-16gb1x16gb-ddr4-3200mhz-512-m-2-pcie-nvme-ssd-intel-iris-xe-graphics-ax211-wifi6/,?add-to-cart=23091
"DELL NB Latitude 5431, 12th Gen.Intel Core i7-1270P vPro(12C/16T/18MB/up to 4.8GHz), 14″ FHD (1920×1080) IPS AG 250nits, 16GB (1X16GB) DDR5 4800MHz, 512GB M.2 PCIe NVMe SSD, Intel Iris Xe Graphics,WiFi6e+BT5.2,FPR,SCR,Bckl kb,4Cell 64WHr,Win11Pro,3Y",87.990ден,,https://clevershop.mk/product/dell-nb-latitude-5431-12th-gen-intel-core-i7-1270p-vpro12c-16t-18mb-up-to-4-8ghz-14-fhd-1920x1080-ips-ag-250nits-16gb-1x16gb-ddr5-4800mhz-512gb-m-2-pcie-nvme-ssd-intel-iris-xe-graphicswi/,?add-to-cart=23080
"DELL NB Latitude 5520, 11th.Gen.Intel Core i5-1135G7(4 Core,8M cache,2.4GHz to 4.2GHz), 15.6″ FHD(1920×1080)AG 250nits, 8GB (1X8GB) DDR4 non-ECC, 256GB M.2 PCIe NVMe Class 35 SSD, Intel Iris Xe Graphics,TB4,SCR,Wireless,BT5.1,Bkl Kb,4Cell,Ubuntu,3Y",58.490ден,,https://clevershop.mk/product/dell-nb-latitude-5520-11th-gen-intel-core-i5-1135g74-core8m-cache2-4ghz-to-4-2ghz-15-6-fhd1920x1080ag-250nits-8gb-1x8gb-ddr4-non-ecc-256gb-m-2-pcie-nvme-class-35-ssd-intel-iris-xe-graph/,?add-to-cart=23116
"DELL NB Latitude 5520, 11th.Gen.Intel Core i5-1145G7(4 Core,8M cache,2.6GHz to 4.4GHz,vPro), 15.6″ FHD(1920×1080)AG 250nits, 16GB DDR4 non-ECC, 512GB M.2 PCIe NVMe Class 35 SSD,Intel Iris Xe Graphics,TB4,FP,SCR,Wireless,BT5.1,Bckl Kb,4Cell,Ubuntu,3Y",63.990ден,,https://clevershop.mk/product/dell-nb-latitude-5520-11th-gen-intel-core-i5-1145g74-core8m-cache2-6ghz-to-4-4ghzvpro-15-6-fhd1920x1080ag-250nits-16gb-ddr4-non-ecc-512gb-m-2-pcie-nvme-class-35-ssdintel-iris-xe-graphics-2/,?add-to-cart=23107
"DELL NB Latitude 5520, 11th.Gen.Intel Core i5-1145G7(4 Core,8M cache,2.6GHz to 4.4GHz,vPro), 15.6″ FHD(1920×1080)AG 250nits, 16GB DDR4 non-ECC, 512GB M.2 PCIe NVMe Class 35 SSD,Intel Iris Xe Graphics,TB4,SCR,Wireless,BT5.1,Bckl Kb,4Cell,Win10Pro,3Y",71.990ден,,https://clevershop.mk/product/dell-nb-latitude-5520-11th-gen-intel-core-i5-1145g74-core8m-cache2-6ghz-to-4-4ghzvpro-15-6-fhd1920x1080ag-250nits-16gb-ddr4-non-ecc-512gb-m-2-pcie-nvme-class-35-ssdintel-iris-xe-graphics/,?add-to-cart=23099
"DELL NB Latitude 5531, 12th Gen. Intel Core i7-12800H vPro(14C/20T/24MB/up to 4.8GHz), 15.6″ FHD (1920×1080) IPS AG 250nits, 32GB (1X32GB) DDR5 4800MHz, 512GB M.2 PCIe NVMe SSD, Intel Iris Xe Graphics, WiFi6e+BT5.2, Bckl kb, 4Cell 64WHr, Win11Pro, 3Y",101.590ден,,https://clevershop.mk/product/dell-nb-latitude-5531-12th-gen-intel-core-i7-12800h-vpro14c-20t-24mb-up-to-4-8ghz-15-6-fhd-1920x1080-ips-ag-250nits-32gb-1x32gb-ddr5-4800mhz-512gb-m-2-pcie-nvme-ssd-intel-iris-xe-graphic/,?add-to-cart=23069
DELL P2422H 23.8″ IPS WLED-backlit LCD,13.290ден,,https://clevershop.mk/product/dell-p2422h-23-8-ips-wled-backlit-lcd/,?add-to-cart=17325
DELL P2422HE 23.8″ IPS WLED-backlit LCD,16.590ден,,https://clevershop.mk/product/dell-p2422he-23-8-ips-wled-backlit-lcd/,?add-to-cart=17331
DELL P2720D 27″ IPS WLED-backlit LCD monitor,18.890ден,,https://clevershop.mk/product/dell-p2720d-27-ips-wled-backlit-lcd-monitor/,?add-to-cart=17353
DELL P2722H 27″ IPS WLED-backlit LCD monitor AG,15.999ден,,https://clevershop.mk/product/dell-p2722h-27-ips-wled-backlit-lcd-monitor-ag/,?add-to-cart=17347
"Dell PC Optiplex 3050 MT, Intel Core i3-7100",37.490ден,,https://clevershop.mk/product/dell-pc-optiplex-3050-mt-intel-core-i3-7100/,?add-to-cart=17438
"Dell PC OptiPlex 3080 SFF, Intel Core i5-10505",40.890ден,,https://clevershop.mk/product/dell-pc-optiplex-3080-sff-intel-core-i5-10505/,?add-to-cart=17444
"DELL PC OptiPlex 3090 SFF, Intel Core i5-10505",41.990ден,,https://clevershop.mk/product/dell-pc-optiplex-3090-sff-intel-core-i5-10505-6-cores-12mb-12t-3-2ghz-to-4-6ghz-65w-8gb1x8gb-ddr4-256gb-m-2-pcie-nvme-class-35-ssd-intel-integrated-graphics-dvd-rw-dp-hdmi-2-0-ms116-mous/,?add-to-cart=23140
"DELL S2421HGF 23,8″ TN LED-backlit LCD",14.490ден,,https://clevershop.mk/product/dell-s2421hgf-238-tn-led-backlit-lcd/,?add-to-cart=17386
DELL S2522HG 24.5″ Fast IPS LED-backlit LCD,18.690ден,,https://clevershop.mk/product/dell-s2522hg-24-5-fast-ips-led-backlit-lcd/,?add-to-cart=17400
DELL S2721HGF 27″ VA LED-backlit LCD,17.590ден,,https://clevershop.mk/product/dell-s2721hgf-27-va-led-backlit-lcd/,?add-to-cart=17407
"DELL U2421E 24,1″ IPS LED-backlit LCD",20.490ден,,https://clevershop.mk/product/dell-u2421e-241-ips-led-backlit-lcd/,?add-to-cart=17358
DELL U2422H 23.8″ IPS WLED-backlit LCD,16.590ден,,https://clevershop.mk/product/dell-u2422h-23-8-ips-wled-backlit-lcd/,?add-to-cart=17366
DELL U2722D 27″ IPS LED-backlit LCD,29.990ден,,https://clevershop.mk/product/dell-u2722d-27-ips-led-backlit-lcd/,?add-to-cart=17373
DELL Vostro 3510,43.990ден,,https://clevershop.mk/product/dell-vostro-3510/,?add-to-cart=21084
Epson L1110 Inkjet w/ Eco Tank System (CISS),8.190ден,,https://clevershop.mk/product/epson-l1110-inkjet-w-eco-tank-system-ciss/,?add-to-cart=19879
Epson L1300 InkJet A3+ CISS System,32.350ден,,https://clevershop.mk/product/epson-l1300-inkjet-a3-ciss-system/,?add-to-cart=19983
Epson L14150 Inkjet A3+ MFP LAN/WiFI w/ EcoTank System (CISS),32.590ден,,https://clevershop.mk/product/epson-l14150-inkjet-a3-mfp-lan-wifi-w-ecotank-system-ciss/,?add-to-cart=19991
Epson L15160 MFP A3+ EcoTank System,67.190ден,,https://clevershop.mk/product/epson-l15160-mfp-a3-ecotank-system/,?add-to-cart=19999
Epson L1800 A3+ Photo CISS System,37.590ден,,https://clevershop.mk/product/epson-l1800-a3-photo-ciss-system/,?add-to-cart=19996
Epson L3211 Inkjet w/ Eco Tank System (CISS) MFP Printer,11.390ден,,https://clevershop.mk/product/epson-l3211-inkjet-w-eco-tank-system-ciss-mfp-printer/,?add-to-cart=19882
Epson L3251 Inkjet w/ Eco Tank System (CISS) MFP WiFi Direct,12.490ден,,https://clevershop.mk/product/epson-l3251-inkjet-w-eco-tank-system-ciss-mfp-wifi-direct/,?add-to-cart=19885
Epson L5290 Inkjet w/ INK Tank System (CISS) MFP Fax/WiFi/LAN,17.490ден,,https://clevershop.mk/product/epson-l5290-inkjet-w-ink-tank-system-ciss-mfp-fax-wifi-lan/,?add-to-cart=19888
EPSON L805 Inkjet Photo w/ Ink Tank System (CISS),20.990ден,,https://clevershop.mk/product/epson-l805-inkjet-photo-w-ink-tank-system-ciss/,?add-to-cart=19628
EPSON LQ-350+ kirilica,19.590ден,,https://clevershop.mk/product/epson-lq-350-kirilica/,?add-to-cart=19894
EPSON LX-350+ kirilica,18.990ден,,https://clevershop.mk/product/epson-lx-350-kirilica/,?add-to-cart=19891
